Timestamp,API ID,Method,URL,Status Code,Latency (ms),Error
2026-09-24T22:07:51.107287,call_ep_post__pet_b5ji_base,POST,http://localhost/api/v1/mock/mock-swagger/api/v3/pet,0,3.85,"HTTPConnectionPool(host='localhost', port=80): Max retries exceeded with url: /api/v1/mock/mock-swagger/api/v3/pet (Caused by NewConnectionError(""HTTPConnection(host='localhost', port=80): Failed to establish a new connection: [Errno 111] Connection refused""))"
2026-09-24T22:07:51.208859,call_ep_post__pet_b5ji_scn_scn_ep_post__pet_b5ji_401,POST,http://localhost/api/v1/mock/mock-swagger/api/v3/pet,0,1.23,"HTTPConnectionPool(host='localhost', port=80): Max retries exceeded with url: /api/v1/mock/mock-swagger/api/v3/pet (Caused by NewConnectionError(""HTTPConnection(host='localhost', port=80): Failed to establish a new connection: [Errno 111] Connection refused""))"
2026-09-24T22:07:51.310846,call_ep_post__pet_b5ji_scn_scn_ep_post__pet_b5ji_400,POST,http://localhost/api/v1/mock/mock-swagger/api/v3/pet,0,1.65,"HTTPConnectionPool(host='localhost', port=80): Max retries exceeded with url: /api/v1/mock/mock-swagger/api/v3/pet (Caused by NewConnectionError(""HTTPConnection(host='localhost', port=80): Failed to establish a new connection: [Errno 111] Connection refused""))"
2026-09-24T22:07:51.412986,call_ep_post__pet_b5ji_scn_scn_ep_post__pet_b5ji_404,POST,http://localhost/api/v1/mock/mock-swagger/api/v3/pet?error=404,0,1.57,"HTTPConnectionPool(host='localhost', port=80): Max retries exceeded with url: /api/v1/mock/mock-swagger/api/v3/pet?error=404 (Caused by NewConnectionError(""HTTPConnection(host='localhost', port=80): Failed to establish a new connection: [Errno 111] Connection refused""))"
2026-09-24T22:07:51.515012,call_ep_put__pet_jchf_base,PUT,http://localhost/api/v1/mock/mock-swagger/api/v3/pet,0,1.69,"HTTPConnectionPool(host='localhost', port=80): Max retries exceeded with url: /api/v1/mock/mock-swagger/api/v3/pet (Caused by NewConnectionError(""HTTPConnection(host='localhost', port=80): Failed to establish a new connection: [Errno 111] Connection refused""))"
2026-09-24T22:07:51.617162,call_ep_put__pet_jchf_scn_scn_ep_put__pet_jchf_401,PUT,http://localhost/api/v1/mock/mock-swagger/api/v3/pet,0,1.7,"HTTPConnectionPool(host='localhost', port=80): Max retries exceeded with url: /api/v1/mock/mock-swagger/api/v3/pet (Caused by NewConnectionError(""HTTPConnection(host='localhost', port=80): Failed to establish a new connection: [Errno 111] Connection refused""))"
2026-09-24T22:07:51.719022,call_ep_put__pet_jchf_scn_scn_ep_put__pet_jchf_400,PUT,http://localhost/api/v1/mock/mock-swagger/api/v3/pet,0,1.67,"HTTPConnectionPool(host='localhost', port=80): Max retries exceeded with url: /api/v1/mock/mock-swagger/api/v3/pet (Caused by NewConnectionError(""HTTPConnection(host='localhost', port=80): Failed to establish a new connection: [Errno 111] Connection refused""))"
2026-09-24T22:07:51.820939,call_ep_put__pet_jchf_scn_scn_ep_put__pet_jchf_404,PUT,http://localhost/api/v1/mock/mock-swagger/api/v3/pet?error=404,0,1.72,"HTTPConnectionPool(host='localhost', port=80): Max retries exceeded with url: /api/v1/mock/mock-swagger/api/v3/pet?error=404 (Caused by NewConnectionError(""HTTPConnection(host='localhost', port=80): Failed to establish a new connection: [Errno 111] Connection refused""))"
2026-09-24T22:07:51.922815,call_ep_get__pet_findByStatus_t14w_base,GET,http://localhost/api/v1/mock/mock-swagger/api/v3/pet/findByStatus?status=1,0,1.68,"HTTPConnectionPool(host='localhost', port=80): Max retries exceeded with url: /api/v1/mock/mock-swagger/api/v3/pet/findByStatus?status=1 (Caused by NewConnectionError(""HTTPConnection(host='localhost', port=80): Failed to establish a new connection: [Errno 111] Connection refused""))"
2026-09-24T22:07:52.025380,call_ep_get__pet_findByStatus_t14w_scn_scn_ep_get__pet_findByStatus_t14w_401,GET,http://localhost/api/v1/mock/mock-swagger/api/v3/pet/findByStatus?status=1,0,2.36,"HTTPConnectionPool(host='localhost', port=80): Max retries exceeded with url: /api/v1/mock/mock-swagger/api/v3/pet/findByStatus?status=1 (Caused by NewConnectionError(""HTTPConnection(host='localhost', port=80): Failed to establish a new connection: [Errno 111] Connection refused""))"
